epoch,steps,cos_sim-Accuracy@1,cos_sim-Accuracy@3,cos_sim-Accuracy@5,cos_sim-Accuracy@10,cos_sim-Precision@1,cos_sim-Recall@1,cos_sim-Precision@3,cos_sim-Recall@3,cos_sim-Precision@5,cos_sim-Recall@5,cos_sim-Precision@10,cos_sim-Recall@10,cos_sim-MRR@10,cos_sim-NDCG@10,cos_sim-MAP@100,dot_score-Accuracy@1,dot_score-Accuracy@3,dot_score-Accuracy@5,dot_score-Accuracy@10,dot_score-Precision@1,dot_score-Recall@1,dot_score-Precision@3,dot_score-Recall@3,dot_score-Precision@5,dot_score-Recall@5,dot_score-Precision@10,dot_score-Recall@10,dot_score-MRR@10,dot_score-NDCG@10,dot_score-MAP@100
-1,-1,0.41414141414141414,0.5909090909090909,0.6717171717171717,0.7525252525252525,0.41414141414141414,0.41414141414141414,0.19696969696969693,0.5909090909090909,0.13434343434343432,0.6717171717171717,0.07525252525252522,0.7525252525252525,0.5212161295494628,0.5770157541273903,0.5324246590927099,0.41414141414141414,0.5909090909090909,0.6717171717171717,0.7525252525252525,0.41414141414141414,0.41414141414141414,0.19696969696969693,0.5909090909090909,0.13434343434343432,0.6717171717171717,0.07525252525252522,0.7525252525252525,0.5212161295494628,0.5770157541273903,0.5323969090649598
