epoch,steps,cos_sim-Accuracy@1,cos_sim-Accuracy@3,cos_sim-Accuracy@5,cos_sim-Accuracy@10,cos_sim-Precision@1,cos_sim-Recall@1,cos_sim-Precision@3,cos_sim-Recall@3,cos_sim-Precision@5,cos_sim-Recall@5,cos_sim-Precision@10,cos_sim-Recall@10,cos_sim-MRR@10,cos_sim-NDCG@10,cos_sim-MAP@100,dot_score-Accuracy@1,dot_score-Accuracy@3,dot_score-Accuracy@5,dot_score-Accuracy@10,dot_score-Precision@1,dot_score-Recall@1,dot_score-Precision@3,dot_score-Recall@3,dot_score-Precision@5,dot_score-Recall@5,dot_score-Precision@10,dot_score-Recall@10,dot_score-MRR@10,dot_score-NDCG@10,dot_score-MAP@100
-1,-1,0.35858585858585856,0.5,0.5555555555555556,0.6515151515151515,0.35858585858585856,0.35858585858585856,0.16666666666666663,0.5,0.11111111111111108,0.5555555555555556,0.06515151515151514,0.6515151515151515,0.44660092993426326,0.49520769652344176,0.4626562105085016,0.35858585858585856,0.5,0.5555555555555556,0.6515151515151515,0.35858585858585856,0.35858585858585856,0.16666666666666663,0.5,0.11111111111111108,0.5555555555555556,0.06515151515151514,0.6515151515151515,0.44660092993426326,0.49520769652344176,0.4626562105085016
