epoch,steps,cos_sim-Accuracy@1,cos_sim-Accuracy@3,cos_sim-Accuracy@5,cos_sim-Accuracy@10,cos_sim-Precision@1,cos_sim-Recall@1,cos_sim-Precision@3,cos_sim-Recall@3,cos_sim-Precision@5,cos_sim-Recall@5,cos_sim-Precision@10,cos_sim-Recall@10,cos_sim-MRR@10,cos_sim-NDCG@10,cos_sim-MAP@100,dot_score-Accuracy@1,dot_score-Accuracy@3,dot_score-Accuracy@5,dot_score-Accuracy@10,dot_score-Precision@1,dot_score-Recall@1,dot_score-Precision@3,dot_score-Recall@3,dot_score-Precision@5,dot_score-Recall@5,dot_score-Precision@10,dot_score-Recall@10,dot_score-MRR@10,dot_score-NDCG@10,dot_score-MAP@100
-1,-1,0.43333333333333335,0.7333333333333333,0.8,0.9333333333333333,0.43333333333333335,0.43333333333333335,0.2444444444444444,0.7333333333333333,0.16000000000000003,0.8,0.09333333333333335,0.9333333333333333,0.6122222222222222,0.6902770507222366,0.6171672771672773,0.43333333333333335,0.7333333333333333,0.8,0.9333333333333333,0.43333333333333335,0.43333333333333335,0.2444444444444444,0.7333333333333333,0.16000000000000003,0.8,0.09333333333333335,0.9333333333333333,0.6122222222222222,0.6902770507222366,0.6171672771672773
-1,-1,0.43333333333333335,0.7333333333333333,0.8,0.9333333333333333,0.43333333333333335,0.43333333333333335,0.2444444444444444,0.7333333333333333,0.16000000000000003,0.8,0.09333333333333335,0.9333333333333333,0.6122222222222222,0.6902770507222366,0.6171672771672773,0.43333333333333335,0.7333333333333333,0.8,0.9333333333333333,0.43333333333333335,0.43333333333333335,0.2444444444444444,0.7333333333333333,0.16000000000000003,0.8,0.09333333333333335,0.9333333333333333,0.6122222222222222,0.6902770507222366,0.6171672771672773
